id,university_code,university_name,university_level,branch_name,branch_code,combination_code,amount_student,type_admission,total_score,receive_time,deadline_time,geographic,university_rank,last_year_base_mark,last_year_amount_student
1,BPH,Học viện biên phòng,Đại học,Sư phạm Quốc phòng và an ninh,52140208,C00,41,Kết quả thi THPT QG,23.75,8/13/2017,8/17/2017,Hà Nội,3,25,36
2,CSH_DS,Học viện CSND,Đại học,Ngành Luật,52380101,A00,96,Kết quả thi THPT QG,15.75,8/13/2017,8/20/2017,Hà Nội,5,16,86
3,CSH_DS,Học viện CSND,Đại học,Ngành Luật,52380101,A01,96,Kết quả thi THPT QG,16,8/13/2017,8/20/2017,Hà Nội,5,16,92
4,CSH_DS,Học viện CSND,Đại học,Ngành Luật,52380101,C03,96,Kết quả thi THPT QG,15.5,8/13/2017,8/20/2017,Hà Nội,5,15,68
5,CSH_DS,Học viện CSND,Đại học,Ngành Luật,52380101,D01,96,Kết quả thi THPT QG,15.75,8/13/2017,8/20/2017,Hà Nội,5,17,101
6,CSH_DS,Học viện CSND,Đại học,Ngành Luật,52380101,D01,96,Kết quả thi THPT QG,15.75,8/13/2017,8/20/2017,Hà Nội,5,16,125
7,LDA,Đại học Công Đoàn,Đại học,Quản trị kinh doanh,52340408,A00,40,Kết quả thi THPT QG,20.5,8/13/2017,8/21/2017,Hà Nội,5,23,47
8,LDA,Đại học Công Đoàn,Đại học,Quản trị kinh doanh,52340408,A01,40,Kết quả thi THPT QG,20.5,8/13/2017,8/21/2017,Hà Nội,4,21,41
9,LDA,Đại học Công Đoàn,Đại học,Quản trị kinh doanh,52340408,D01,40,Kết quả thi THPT QG,20.5,8/13/2017,8/21/2017,Hà Nội,4,22,52
10,LDA,Đại học Công Đoàn,Đại học,Quan hệ lao động,52340408,A00,40,Kết quả thi THPT QG,16.25,8/13/2017,8/21/2017,Hà Nội,6,18,59
11,LDA,Đại học Công Đoàn,Đại học,Quan hệ lao động,52340408,A01,40,Kết quả thi THPT QG,16.25,8/13/2017,8/21/2017,Hà Nội,4,17,39
12,LDA,Đại học Công Đoàn,Đại học,Quan hệ lao động,52340408,D01,40,Kết quả thi THPT QG,16.25,8/13/2017,8/21/2017,Hà Nội,6,16,56
13,LDA,Đại học Công Đoàn,Đại học,Xã hội học,52310301,A01,45,Kết quả thi THPT QG,20.5,8/13/2017,8/21/2017,Hà Nội,5,22,41
14,LDA,Đại học Công Đoàn,Đại học,Xã hội học,52310301,D01,45,Kết quả thi THPT QG,20.5,8/13/2017,8/21/2017,Hà Nội,4,22,34
15,LDA,Đại học Công Đoàn,Đại học,Xã hội học,52310301,C00,45,Kết quả thi THPT QG,21.5,8/13/2017,8/21/2017,Hà Nội,4,22,39
16,LDA,Đại học Công Đoàn,Đại học,Công tác xã hội,52760101,A01,45,Kết quả thi THPT QG,21.75,8/13/2017,8/21/2017,Hà Nội,3,21,66
17,LDA,Đại học Công Đoàn,Đại học,Công tác xã hội,52760101,D01,45,Kết quả thi THPT QG,21.75,8/13/2017,8/21/2017,Hà Nội,2,24,37
18,LDA,Đại học Công Đoàn,Đại học,Công tác xã hội,52760101,C00,45,Kết quả thi THPT QG,22.75,8/13/2017,8/21/2017,Hà Nội,3,23,59
19,LDA,Đại học Công Đoàn,Đại học,Ngành Luật,52380101,A01,40,Kết quả thi THPT QG,23.75,8/13/2017,8/21/2017,Hà Nội,2,24,51
20,LDA,Đại học Công Đoàn,Đại học,Ngành Luật,52380101,D01,40,Kết quả thi THPT QG,23.75,8/13/2017,8/21/2017,Hà Nội,2,25,49
21,LDA,Đại học Công Đoàn,Đại học,Ngành Luật,52380101,C00,40,Kết quả thi THPT QG,24.75,8/13/2017,8/21/2017,Hà Nội,2,26,56
22,CEA,Đại học kinh tế Nghệ An,Đại học,Kế toán,52340301,A00,55,Kết quả thi THPT QG,15.5,8/13/2017,8/31/2017,Nghệ An,5,16,67
23,CEA,Đại học kinh tế Nghệ An,Đại học,Kế toán,52340301,D01,55,Kết quả thi THPT QG,15.5,8/13/2017,8/31/2017,Nghệ An,4,17,71
24,CEA,Đại học kinh tế Nghệ An,Đại học,Kế toán,52340301,A01,55,Kết quả thi THPT QG,15.5,8/13/2017,8/31/2017,Nghệ An,4,17,80
25,CEA,Đại học kinh tế Nghệ An,Đại học,Kế toán,52340301,B00,55,Kết quả thi THPT QG,15.5,8/13/2017,8/31/2017,Nghệ An,6,15,54
26,CEA,Đại học kinh tế Nghệ An,Đại học,Kế toán,52340301,A00,162,Phương thức khác,15.5,8/13/2017,8/31/2017,Nghệ An,5,18,121
27,CEA,Đại học kinh tế Nghệ An,Đại học,Kế toán,52340301,D01,162,Phương thức khác,15.5,8/13/2017,8/31/2017,Nghệ An,6,17,181
28,CEA,Đại học kinh tế Nghệ An,Đại học,Kế toán,52340301,A01,162,Phương thức khác,15.5,8/13/2017,8/31/2017,Nghệ An,5,16,224
29,CEA,Đại học kinh tế Nghệ An,Đại học,Kế toán,52340301,B00,162,Phương thức khác,15.5,8/13/2017,8/31/2017,Nghệ An,5,18,217
30,CEA,Đại học kinh tế Nghệ An,Đại học,Quản trị kinh doanh,52340101,A00,57,Kết quả thi THPT QG,15.5,8/13/2017,8/31/2017,Nghệ An,5,18,40
31,CEA,Đại học kinh tế Nghệ An,Đại học,Quản trị kinh doanh,52340101,D01,57,Kết quả thi THPT QG,15.5,8/13/2017,8/31/2017,Nghệ An,5,16,42
32,CEA,Đại học kinh tế Nghệ An,Đại học,Quản trị kinh doanh,52340101,A01,57,Kết quả thi THPT QG,15.5,8/13/2017,8/31/2017,Nghệ An,4,16,59
33,CEA,Đại học kinh tế Nghệ An,Đại học,Quản trị kinh doanh,52340101,B00,57,Kết quả thi THPT QG,15.5,8/13/2017,8/31/2017,Nghệ An,5,15,44
34,CEA,Đại học kinh tế Nghệ An,Đại học,Quản trị kinh doanh,52340101,A00,134,Phương thức khác,15.5,8/13/2017,8/31/2017,Nghệ An,6,17,108
35,CEA,Đại học kinh tế Nghệ An,Đại học,Quản trị kinh doanh,52340101,D01,134,Phương thức khác,15.5,8/13/2017,8/31/2017,Nghệ An,6,17,199
36,CEA,Đại học kinh tế Nghệ An,Đại học,Quản trị kinh doanh,52340101,A01,134,Phương thức khác,15.5,8/13/2017,8/31/2017,Nghệ An,5,18,175
37,CEA,Đại học kinh tế Nghệ An,Đại học,Quản trị kinh doanh,52340101,B00,134,Phương thức khác,15.5,8/13/2017,8/31/2017,Nghệ An,6,18,133
38,CEA,Đại học kinh tế Nghệ An,Đại học,Kinh tế,52310101,A00,29,Kết quả thi THPT QG,15.5,8/13/2017,8/31/2017,Nghệ An,6,18,22
39,CEA,Đại học kinh tế Nghệ An,Đại học,Kinh tế,52310101,D01,29,Kết quả thi THPT QG,15.5,8/13/2017,8/31/2017,Nghệ An,4,16,20
40,CEA,Đại học kinh tế Nghệ An,Đại học,Kinh tế,52310101,A01,29,Kết quả thi THPT QG,15.5,8/13/2017,8/31/2017,Nghệ An,4,17,21
41,CEA,Đại học kinh tế Nghệ An,Đại học,Kinh tế,52310101,B00,29,Kết quả thi THPT QG,15.5,8/13/2017,8/31/2017,Nghệ An,6,18,40
42,CEA,Đại học kinh tế Nghệ An,Đại học,Kinh tế,52310101,A00,67,Phương thức khác,15.5,8/13/2017,8/31/2017,Nghệ An,6,18,91
43,CEA,Đại học kinh tế Nghệ An,Đại học,Kinh tế,52310101,D01,67,Phương thức khác,15.5,8/13/2017,8/31/2017,Nghệ An,5,15,86
44,CEA,Đại học kinh tế Nghệ An,Đại học,Kinh tế,52310101,A01,67,Phương thức khác,15.5,8/13/2017,8/31/2017,Nghệ An,6,17,50
45,CEA,Đại học kinh tế Nghệ An,Đại học,Kinh tế,52310101,B00,67,Phương thức khác,15.5,8/13/2017,8/31/2017,Nghệ An,6,18,66
46,CEA,Đại học kinh tế Nghệ An,Đại học,Quản lý đất đai,52850103,A00,12,Kết quả thi THPT QG,15.5,8/13/2017,8/31/2017,Nghệ An,6,17,12
47,CEA,Đại học kinh tế Nghệ An,Đại học,Quản lý đất đai,52850103,D01,12,Kết quả thi THPT QG,15.5,8/13/2017,8/31/2017,Nghệ An,4,17,10
48,CEA,Đại học kinh tế Nghệ An,Đại học,Quản lý đất đai,52850103,B00,12,Kết quả thi THPT QG,15.5,8/13/2017,8/31/2017,Nghệ An,6,17,17
49,CEA,Đại học kinh tế Nghệ An,Đại học,Quản lý đất đai,52850103,A01,12,Kết quả thi THPT QG,15.5,8/13/2017,8/31/2017,Nghệ An,6,17,13
50,CEA,Đại học kinh tế Nghệ An,Đại học,Quản lý đất đai,52850103,B00,28,Phương thức khác,15.5,8/13/2017,8/31/2017,Nghệ An,5,15,22
51,CEA,Đại học kinh tế Nghệ An,Đại học,Quản lý đất đai,52850103,D01,28,Phương thức khác,15.5,8/13/2017,8/31/2017,Nghệ An,4,15,33
52,CEA,Đại học kinh tế Nghệ An,Đại học,Quản lý đất đai,52850103,A01,28,Phương thức khác,15.5,8/13/2017,8/31/2017,Nghệ An,6,17,36
53,CEA,Đại học kinh tế Nghệ An,Đại học,Quản lý đất đai,52850103,A00,28,Phương thức khác,15.5,8/13/2017,8/31/2017,Nghệ An,6,17,31
54,CEA,Đại học kinh tế Nghệ An,Đại học,Thú y,52640101,A00,57,Kết quả thi THPT QG,15.5,8/13/2017,8/31/2017,Nghệ An,5,16,40
55,CEA,Đại học kinh tế Nghệ An,Đại học,Thú y,52640101,D01,57,Kết quả thi THPT QG,15.5,8/13/2017,8/31/2017,Nghệ An,5,17,60
56,CEA,Đại học kinh tế Nghệ An,Đại học,Thú y,52640101,A01,57,Kết quả thi THPT QG,15.5,8/13/2017,8/31/2017,Nghệ An,4,18,63
57,CEA,Đại học kinh tế Nghệ An,Đại học,Thú y,52640101,B00,57,Kết quả thi THPT QG,15.5,8/13/2017,8/31/2017,Nghệ An,5,18,49
58,CEA,Đại học kinh tế Nghệ An,Đại học,Thú y,52640101,A00,133,Phương thức khác,15.5,8/13/2017,8/31/2017,Nghệ An,6,17,137
59,CEA,Đại học kinh tế Nghệ An,Đại học,Thú y,52640101,D01,133,Phương thức khác,15.5,8/13/2017,8/31/2017,Nghệ An,5,18,117
60,CEA,Đại học kinh tế Nghệ An,Đại học,Thú y,52640101,A01,133,Phương thức khác,15.5,8/13/2017,8/31/2017,Nghệ An,5,16,115
61,CEA,Đại học kinh tế Nghệ An,Đại học,Thú y,52640101,B00,133,Phương thức khác,15.5,8/13/2017,8/31/2017,Nghệ An,5,15,162
62,CEA,Đại học kinh tế Nghệ An,Đại học,Lâm nghiệp,52620201,A00,9,Kết quả thi THPT QG,15.5,8/13/2017,8/31/2017,Nghệ An,5,17,6
63,CEA,Đại học kinh tế Nghệ An,Đại học,Lâm nghiệp,52620201,D01,9,Kết quả thi THPT QG,15.5,8/13/2017,8/31/2017,Nghệ An,5,15,8
64,CEA,Đại học kinh tế Nghệ An,Đại học,Lâm nghiệp,52620201,B00,9,Kết quả thi THPT QG,15.5,8/13/2017,8/31/2017,Nghệ An,5,15,9
65,CEA,Đại học kinh tế Nghệ An,Đại học,Lâm nghiệp,52620201,A01,9,Kết quả thi THPT QG,15.5,8/13/2017,8/31/2017,Nghệ An,5,17,10
66,CEA,Đại học kinh tế Nghệ An,Đại học,Khoa học cây trồng,52620110,A00,11,Kết quả thi THPT QG,15.5,8/13/2017,8/31/2017,Nghệ An,5,17,11
67,CEA,Đại học kinh tế Nghệ An,Đại học,Khoa học cây trồng,52620110,D01,11,Kết quả thi THPT QG,15.5,8/13/2017,8/31/2017,Nghệ An,5,16,14
68,CEA,Đại học kinh tế Nghệ An,Đại học,Khoa học cây trồng,52620110,A01,11,Kết quả thi THPT QG,15.5,8/13/2017,8/31/2017,Nghệ An,5,15,13
69,CEA,Đại học kinh tế Nghệ An,Đại học,Khoa học cây trồng,52620110,B00,11,Kết quả thi THPT QG,15.5,8/13/2017,8/31/2017,Nghệ An,4,16,11
70,DTL,Đại học Thăng Long,Đại học,Thanh nhạc,5221020,N00,30,Kết quả thi THPT QG,15,8/13/2017,8/31/2017,Hà Nội,7,16,27
71,DTL,Đại học Thăng Long,Đại học,Nhóm ngành kinh tế - quản lý,KQ01,A00,62,Kết quả thi THPT QG,15,8/13/2017,8/31/2017,Hà Nội,5,17,78
72,DTL,Đại học Thăng Long,Đại học,Nhóm ngành kinh tế - quản lý,KQ01,D03,62,Kết quả thi THPT QG,15,8/13/2017,8/31/2017,Hà Nội,7,16,80
73,DTL,Đại học Thăng Long,Đại học,Nhóm ngành kinh tế - quản lý,KQ01,D01,62,Kết quả thi THPT QG,15,8/13/2017,8/31/2017,Hà Nội,7,15,50
74,DTL,Đại học Thăng Long,Đại học,Nhóm ngành kinh tế - quản lý,KQ01,A01,62,Kết quả thi THPT QG,15,8/13/2017,8/31/2017,Hà Nội,6,17,57
75,DTL,Đại học Thăng Long,Đại học,Nhóm ngành toán - tin,TT01,A00,35,Kết quả thi THPT QG,15,8/13/2017,8/31/2017,Hà Nội,5,16,42
76,DTL,Đại học Thăng Long,Đại học,Nhóm ngành toán - tin,TT01,A01,35,Kết quả thi THPT QG,15,8/13/2017,8/31/2017,Hà Nội,6,15,41
77,DTL,Đại học Thăng Long,Đại học,Nhóm ngành Khoa học sức khỏe,SK01,B00,20,Kết quả thi THPT QG,15,8/13/2017,8/31/2017,Hà Nội,6,17,28
78,DTL,Đại học Thăng Long,Đại học,Nhóm ngành Khoa học xã hội và nhân văn,XN01,C00,20,Kết quả thi THPT QG,15,8/13/2017,8/31/2017,Hà Nội,5,17,18
79,DTL,Đại học Thăng Long,Đại học,Nhóm ngành Khoa học xã hội và nhân văn,XN01,D01,20,Kết quả thi THPT QG,15,8/13/2017,8/31/2017,Hà Nội,7,17,23
80,DTL,Đại học Thăng Long,Đại học,Nhóm ngành Khoa học xã hội và nhân văn,XN01,D03,20,Kết quả thi THPT QG,15,8/13/2017,8/31/2017,Hà Nội,5,17,16
81,DTL,Đại học Thăng Long,Đại học,Nhóm ngành Khoa học xã hội và nhân văn,XN01,D04,20,Kết quả thi THPT QG,15,8/13/2017,8/31/2017,Hà Nội,6,16,25
82,DTL,Đại học Thăng Long,Đại học,Ngôn ngữ Anh,52220201,D01,60,Kết quả thi THPT QG,15,8/13/2017,8/31/2017,Hà Nội,6,15,86
83,DTL,Đại học Thăng Long,Đại học,Ngôn ngữ Trung Quốc,52220204,D01,10,Kết quả thi THPT QG,15,8/13/2017,8/31/2017,Hà Nội,6,17,8
84,DTL,Đại học Thăng Long,Đại học,Ngôn ngữ Trung Quốc,52220204,D03,10,Kết quả thi THPT QG,15,8/13/2017,8/31/2017,Hà Nội,6,17,11
85,DTL,Đại học Thăng Long,Đại học,Ngôn ngữ Trung Quốc,52220204,D04,10,Kết quả thi THPT QG,15,8/13/2017,8/31/2017,Hà Nội,6,17,9
86,DTL,Đại học Thăng Long,Đại học,Ngôn ngữ Nhật,52220209,D01,60,Kết quả thi THPT QG,15,8/13/2017,8/31/2017,Hà Nội,6,16,67
87,DTL,Đại học Thăng Long,Đại học,Ngôn ngữ Nhật,52220209,D06,60,Kết quả thi THPT QG,15,8/13/2017,8/31/2017,Hà Nội,7,16,71
88,DTL,Đại học Thăng Long,Đại học,Ngôn ngữ Hàn Quốc,52220210,D01,10,Kết quả thi THPT QG,15,8/13/2017,8/31/2017,Hà Nội,6,16,12
89,C22,Cao đẳng sư phạm Hưng Yên,Cao đẳng,Sư phạm Toán học,51140209,A00,46,Kết quả thi THPT QG,10,8/13/2017,8/31/2017,Hưng Yên,8,12,65
90,C22,Cao đẳng sư phạm Hưng Yên,Cao đẳng,Sư phạm Toán học,51140209,B00,46,Kết quả thi THPT QG,10,8/13/2017,8/31/2017,Hưng Yên,6,11,51
91,C22,Cao đẳng sư phạm Hưng Yên,Cao đẳng,Sư phạm Toán học,51140209,A02,46,Kết quả thi THPT QG,10,8/13/2017,8/31/2017,Hưng Yên,7,10,37
92,C22,Cao đẳng sư phạm Hưng Yên,Cao đẳng,Sư phạm Toán học,51140209,A16,46,Kết quả thi THPT QG,10,8/13/2017,8/31/2017,Hưng Yên,7,10,50
93,C22,Cao đẳng sư phạm Hưng Yên,Cao đẳng,Sư phạm Hóa học,51140212,A16,25,Kết quả thi THPT QG,25,8/13/2017,8/31/2017,Hưng Yên,2,27,20
94,C22,Cao đẳng sư phạm Hưng Yên,Cao đẳng,Sư phạm Hóa học,51140212,A00,25,Kết quả thi THPT QG,25,8/13/2017,8/31/2017,Hưng Yên,2,27,29
95,C22,Cao đẳng sư phạm Hưng Yên,Cao đẳng,Sư phạm Hóa học,51140212,B00,25,Kết quả thi THPT QG,25,8/13/2017,8/31/2017,Hưng Yên,3,25,26
96,C22,Cao đẳng sư phạm Hưng Yên,Cao đẳng,Sư phạm Hóa học,51140212,A02,25,Kết quả thi THPT QG,25,8/13/2017,8/31/2017,Hưng Yên,3,25,25
97,C22,Cao đẳng sư phạm Hưng Yên,Cao đẳng,Sư phạm Sinh học,51140213,A00,25,Kết quả thi THPT QG,25,8/13/2017,8/31/2017,Hưng Yên,1,25,22
98,C22,Cao đẳng sư phạm Hưng Yên,Cao đẳng,Sư phạm Sinh học,51140213,B00,25,Kết quả thi THPT QG,25,8/13/2017,8/31/2017,Hưng Yên,2,26,28
99,C22,Cao đẳng sư phạm Hưng Yên,Cao đẳng,Sư phạm Sinh học,51140213,A02,25,Kết quả thi THPT QG,25,8/13/2017,8/31/2017,Hưng Yên,2,27,29
100,C22,Cao đẳng sư phạm Hưng Yên,Cao đẳng,Sư phạm Sinh học,51140213,A16,25,Kết quả thi THPT QG,25,8/13/2017,8/31/2017,Hưng Yên,3,26,22
101,C22,Cao đẳng sư phạm Hưng Yên,Cao đẳng,Sư phạm Ngữ văn,51140217,C00,50,Kết quả thi THPT QG,25,8/13/2017,8/31/2017,Hưng Yên,3,26,59
102,C22,Cao đẳng sư phạm Hưng Yên,Cao đẳng,Sư phạm Ngữ văn,51140217,C15,50,Kết quả thi THPT QG,25,8/13/2017,8/31/2017,Hưng Yên,3,25,59
103,C22,Cao đẳng sư phạm Hưng Yên,Cao đẳng,Sư phạm Ngữ văn,51140217,C20,50,Kết quả thi THPT QG,25,8/13/2017,8/31/2017,Hưng Yên,2,25,55
104,C22,Cao đẳng sư phạm Hưng Yên,Cao đẳng,Sư phạm Ngữ văn,51140217,C19,50,Kết quả thi THPT QG,25,8/13/2017,8/31/2017,Hưng Yên,2,27,58
105,C22,Cao đẳng sư phạm Hưng Yên,Cao đẳng,Giáo dục Tiểu học,51140202,D01,27,Kết quả thi THPT QG,10,8/13/2017,8/31/2017,Hưng Yên,6,12,32
106,C22,Cao đẳng sư phạm Hưng Yên,Cao đẳng,Giáo dục Tiểu học,51140202,A16,27,Kết quả thi THPT QG,10,8/13/2017,8/31/2017,Hưng Yên,8,10,26
107,C22,Cao đẳng sư phạm Hưng Yên,Cao đẳng,Giáo dục Tiểu học,51140202,C15,27,Kết quả thi THPT QG,10,8/13/2017,8/31/2017,Hưng Yên,7,11,19
108,C22,Cao đẳng sư phạm Hưng Yên,Cao đẳng,Giáo dục Tiểu học,51140202,A01,27,Kết quả thi THPT QG,10,8/13/2017,8/31/2017,Hưng Yên,6,12,34
109,C22,Cao đẳng sư phạm Hưng Yên,Cao đẳng,Sư phạm Tiếng Anh,51140231,D96,0,Kết quả thi THPT QG,25,8/13/2017,8/31/2017,Hưng Yên,2,27,0
110,C22,Cao đẳng sư phạm Hưng Yên,Cao đẳng,Sư phạm Tiếng Anh,51140231,D01,0,Kết quả thi THPT QG,25,8/13/2017,8/31/2017,Hưng Yên,2,25,0
111,HVC,Học viện cán bộ Thành phố Hồ Chí Minh,Đại học,Quản lý nhà nước,52310205,A00,55,Kết quả thi THPT QG,21,8/13/2017,8/31/2017,Hồ Chí Minh,4,21,75
112,HVC,Học viện cán bộ Thành phố Hồ Chí Minh,Đại học,Quản lý nhà nước,52310205,A01,55,Kết quả thi THPT QG,21,8/13/2017,8/31/2017,Hồ Chí Minh,5,21,61
113,HVC,Học viện cán bộ Thành phố Hồ Chí Minh,Đại học,Quản lý nhà nước,52310205,C00,55,Kết quả thi THPT QG,21,8/13/2017,8/31/2017,Hồ Chí Minh,3,22,50
114,HVC,Học viện cán bộ Thành phố Hồ Chí Minh,Đại học,Quản lý nhà nước,52310205,D01,55,Kết quả thi THPT QG,21,8/13/2017,8/31/2017,Hồ Chí Minh,5,21,47
115,HVC,Học viện cán bộ Thành phố Hồ Chí Minh,Đại học,Ngành Luật,52380101,A00,10,Kết quả thi THPT QG,21.75,8/13/2017,8/31/2017,Hồ Chí Minh,3,22,7
116,HVC,Học viện cán bộ Thành phố Hồ Chí Minh,Đại học,Ngành Luật,52380101,A01,10,Kết quả thi THPT QG,21.75,8/13/2017,8/31/2017,Hồ Chí Minh,3,22,14
117,HVC,Học viện cán bộ Thành phố Hồ Chí Minh,Đại học,Ngành Luật,52380101,D01,10,Kết quả thi THPT QG,21.75,8/13/2017,8/31/2017,Hồ Chí Minh,3,22,10
118,HVC,Học viện cán bộ Thành phố Hồ Chí Minh,Đại học,Ngành Luật,52380101,C00,10,Kết quả thi THPT QG,21.75,8/13/2017,8/31/2017,Hồ Chí Minh,2,22,12
119,HVC,Học viện cán bộ Thành phố Hồ Chí Minh,Đại học,Xây dựng Đảng và Chính quyền Nhà nước,52310202,C03,25,Kết quả thi THPT QG,17.25,8/13/2017,8/31/2017,Hồ Chí Minh,6,19,26
120,HVC,Học viện cán bộ Thành phố Hồ Chí Minh,Đại học,Xây dựng Đảng và Chính quyền Nhà nước,52310202,C04,25,Kết quả thi THPT QG,17.25,8/13/2017,8/31/2017,Hồ Chí Minh,5,17,36
121,HVC,Học viện cán bộ Thành phố Hồ Chí Minh,Đại học,Xây dựng Đảng và Chính quyền Nhà nước,52310202,D01,25,Kết quả thi THPT QG,17.25,8/13/2017,8/31/2017,Hồ Chí Minh,5,19,31
122,HVC,Học viện cán bộ Thành phố Hồ Chí Minh,Đại học,Xây dựng Đảng và Chính quyền Nhà nước,52310202,C00,25,Kết quả thi THPT QG,17.25,8/13/2017,8/31/2017,Hồ Chí Minh,6,19,29
123,HVC,Học viện cán bộ Thành phố Hồ Chí Minh,Đại học,Chính trị học,52310201,C03,60,Kết quả thi THPT QG,15.5,8/13/2017,8/31/2017,Hồ Chí Minh,6,17,62
124,HVC,Học viện cán bộ Thành phố Hồ Chí Minh,Đại học,Chính trị học,52310201,C04,60,Kết quả thi THPT QG,15.5,8/13/2017,8/31/2017,Hồ Chí Minh,5,16,73
125,HVC,Học viện cán bộ Thành phố Hồ Chí Minh,Đại học,Chính trị học,52310201,D01,60,Kết quả thi THPT QG,15.5,8/13/2017,8/31/2017,Hồ Chí Minh,5,17,60
126,HVC,Học viện cán bộ Thành phố Hồ Chí Minh,Đại học,Chính trị học,52310201,C00,60,Kết quả thi THPT QG,15.5,8/13/2017,8/31/2017,Hồ Chí Minh,5,16,64
127,HVC,Học viện cán bộ Thành phố Hồ Chí Minh,Đại học,Công tác xã hội,52760101,D14,55,Kết quả thi THPT QG,15.5,8/13/2017,8/31/2017,Hồ Chí Minh,5,15,69
128,HVC,Học viện cán bộ Thành phố Hồ Chí Minh,Đại học,Công tác xã hội,52760101,C00,55,Kết quả thi THPT QG,15.5,8/13/2017,8/31/2017,Hồ Chí Minh,4,15,82
129,HVC,Học viện cán bộ Thành phố Hồ Chí Minh,Đại học,Công tác xã hội,52760101,D01,55,Kết quả thi THPT QG,15.5,8/13/2017,8/31/2017,Hồ Chí Minh,5,15,82
130,HVC,Học viện cán bộ Thành phố Hồ Chí Minh,Đại học,Công tác xã hội,52760101,C14,55,Kết quả thi THPT QG,15.5,8/13/2017,8/31/2017,Hồ Chí Minh,6,17,70
131,DHV,Đại học Hùng Vương,Đại học,Công nghệ thông tin,52480201,A00,68,Kết quả thi THPT QG,15.5,8/13/2017,8/18/2017,Hồ Chí Minh,5,15,86
132,DHV,Đại học Hùng Vương,Đại học,Công nghệ thông tin,52480201,A02,68,Kết quả thi THPT QG,15.5,8/13/2017,8/18/2017,Hồ Chí Minh,4,17,98
133,DHV,Đại học Hùng Vương,Đại học,Công nghệ thông tin,52480201,B00,68,Kết quả thi THPT QG,15.5,8/13/2017,8/18/2017,Hồ Chí Minh,5,16,74
134,DHV,Đại học Hùng Vương,Đại học,Công nghệ thông tin,52480201,D08,68,Kết quả thi THPT QG,15.5,8/13/2017,8/18/2017,Hồ Chí Minh,5,16,87
135,DHV,Đại học Hùng Vương,Đại học,Công nghệ sau thu hoạch,52540104,A00,70,Kết quả thi THPT QG,15.5,8/13/2017,8/18/2017,Hồ Chí Minh,4,16,70
136,DHV,Đại học Hùng Vương,Đại học,Công nghệ sau thu hoạch,52540104,A01,70,Kết quả thi THPT QG,15.5,8/13/2017,8/18/2017,Hồ Chí Minh,5,17,99
137,DHV,Đại học Hùng Vương,Đại học,Công nghệ sau thu hoạch,52540104,D01,70,Kết quả thi THPT QG,15.5,8/13/2017,8/18/2017,Hồ Chí Minh,5,17,70
138,DHV,Đại học Hùng Vương,Đại học,Công nghệ sau thu hoạch,52540104,D07,70,Kết quả thi THPT QG,15.5,8/13/2017,8/18/2017,Hồ Chí Minh,5,17,97
139,DHV,Đại học Hùng Vương,Đại học,Kế toán,52340301,D07,65,Kết quả thi THPT QG,15.5,8/13/2017,8/18/2017,Hồ Chí Minh,6,17,88
140,DHV,Đại học Hùng Vương,Đại học,Kế toán,52340301,A00,65,Kết quả thi THPT QG,15.5,8/13/2017,8/18/2017,Hồ Chí Minh,6,18,81
141,DHV,Đại học Hùng Vương,Đại học,Kế toán,52340301,D01,65,Kết quả thi THPT QG,15.5,8/13/2017,8/18/2017,Hồ Chí Minh,5,17,75
142,DHV,Đại học Hùng Vương,Đại học,Kế toán,52340301,A01,65,Kết quả thi THPT QG,15.5,8/13/2017,8/18/2017,Hồ Chí Minh,5,15,87
143,DHV,Đại học Hùng Vương,Đại học,Quản trị kinh doanh,52340101,A02,65,Kết quả thi THPT QG,15.5,8/13/2017,8/18/2017,Hồ Chí Minh,5,15,80
144,DHV,Đại học Hùng Vương,Đại học,Quản trị kinh doanh,52340101,B00,65,Kết quả thi THPT QG,15.5,8/13/2017,8/18/2017,Hồ Chí Minh,5,15,88
145,DHV,Đại học Hùng Vương,Đại học,Quản trị kinh doanh,52340101,B03,65,Kết quả thi THPT QG,15.5,8/13/2017,8/18/2017,Hồ Chí Minh,4,17,45
146,DHV,Đại học Hùng Vương,Đại học,Quản trị kinh doanh,52340101,D08,65,Kết quả thi THPT QG,15.5,8/13/2017,8/18/2017,Hồ Chí Minh,4,17,52
147,DHV,Đại học Hùng Vương,Đại học,Quản lý bệnh viện,52720701,A00,70,Kết quả thi THPT QG,15.5,8/13/2017,8/18/2017,Hồ Chí Minh,6,16,100
148,DHV,Đại học Hùng Vương,Đại học,Quản lý bệnh viện,52720701,A01,70,Kết quả thi THPT QG,15.5,8/13/2017,8/18/2017,Hồ Chí Minh,4,17,73
149,DHV,Đại học Hùng Vương,Đại học,Tài chính ngân hàng,52340201,D01,67,Kết quả thi THPT QG,15.5,8/13/2017,8/18/2017,Hồ Chí Minh,5,15,50
150,DHV,Đại học Hùng Vương,Đại học,Tài chính ngân hàng,52340201,D07,67,Kết quả thi THPT QG,15.5,8/13/2017,8/18/2017,Hồ Chí Minh,6,17,48
151,C42,Cao đẳng sư phạm Đà Lạt,Cao đẳng,Sư phạm Toán học,51140209,A00,19,Kết quả thi THPT QG,11,8/13/2017,8/30/2017,Lâm Đồng,6,12,14
152,C42,Cao đẳng sư phạm Đà Lạt,Cao đẳng,Sư phạm Toán học,51140209,A01,19,Kết quả thi THPT QG,11,8/13/2017,8/30/2017,Lâm Đồng,7,13,20
153,C42,Cao đẳng sư phạm Đà Lạt,Cao đẳng,Sư phạm Toán học,51140209,D90,19,Kết quả thi THPT QG,11,8/13/2017,8/30/2017,Lâm Đồng,7,11,26
154,C42,Cao đẳng sư phạm Đà Lạt,Cao đẳng,Sư phạm Toán học,51140209,A02,19,Kết quả thi THPT QG,11,8/13/2017,8/30/2017,Lâm Đồng,7,12,27
155,C42,Cao đẳng sư phạm Đà Lạt,Cao đẳng,Sư phạm Ngữ văn,51140217,C00,21,Kết quả thi THPT QG,10,8/13/2017,8/30/2017,Lâm Đồng,7,12,23
156,C42,Cao đẳng sư phạm Đà Lạt,Cao đẳng,Sư phạm Ngữ văn,51140217,D14,21,Kết quả thi THPT QG,10,8/13/2017,8/30/2017,Lâm Đồng,6,10,28
157,C42,Cao đẳng sư phạm Đà Lạt,Cao đẳng,Sư phạm Ngữ văn,51140217,D15,21,Kết quả thi THPT QG,10,8/13/2017,8/30/2017,Lâm Đồng,7,11,23
158,C42,Cao đẳng sư phạm Đà Lạt,Cao đẳng,Sư phạm Ngữ văn,51140217,C20,21,Kết quả thi THPT QG,10,8/13/2017,8/30/2017,Lâm Đồng,6,10,21
159,C42,Cao đẳng sư phạm Đà Lạt,Cao đẳng,Sư phạm Anh văn,51140231,D01,12,Kết quả thi THPT QG,11,8/13/2017,8/30/2017,Lâm Đồng,8,11,10
160,C42,Cao đẳng sư phạm Đà Lạt,Cao đẳng,Sư phạm Anh văn,51140231,A01,12,Kết quả thi THPT QG,11,8/13/2017,8/30/2017,Lâm Đồng,6,12,13
161,C42,Cao đẳng sư phạm Đà Lạt,Cao đẳng,Sư phạm Anh văn,51140231,D14,12,Kết quả thi THPT QG,11,8/13/2017,8/30/2017,Lâm Đồng,7,13,14
162,C42,Cao đẳng sư phạm Đà Lạt,Cao đẳng,Sư phạm Anh văn,51140231,D15,12,Kết quả thi THPT QG,11,8/13/2017,8/30/2017,Lâm Đồng,6,13,17
163,DLA,Đại học kinh tế công nghiệp Long An,Đại học,Ngôn ngữ Anh,52220201,D01,21,Kết quả thi THPT QG,16.5,8/13/2017,8/22/2017,Long An,4,18,29
164,DLA,Đại học kinh tế công nghiệp Long An,Đại học,Ngôn ngữ Anh,52220201,D12,21,Kết quả thi THPT QG,16.5,8/13/2017,8/22/2017,Long An,6,19,29
165,DLA,Đại học kinh tế công nghiệp Long An,Đại học,Ngôn ngữ Anh,52220201,D66,21,Kết quả thi THPT QG,16.5,8/13/2017,8/22/2017,Long An,5,16,18
166,DLA,Đại học kinh tế công nghiệp Long An,Đại học,Ngôn ngữ Anh,52220201,D15,21,Kết quả thi THPT QG,16.5,8/13/2017,8/22/2017,Long An,4,18,28
167,DLA,Đại học kinh tế công nghiệp Long An,Đại học,Quản trị kinh doanh,52340101,A01,49,Kết quả thi THPT QG,18,8/13/2017,8/22/2017,Long An,5,20,45
168,DLA,Đại học kinh tế công nghiệp Long An,Đại học,Quản trị kinh doanh,52340101,B03,49,Kết quả thi THPT QG,18,8/13/2017,8/22/2017,Long An,5,20,58
169,DLA,Đại học kinh tế công nghiệp Long An,Đại học,Quản trị kinh doanh,52340101,D13,49,Kết quả thi THPT QG,18,8/13/2017,8/22/2017,Long An,6,18,69
170,DLA,Đại học kinh tế công nghiệp Long An,Đại học,Quản trị kinh doanh,52340101,C20,49,Kết quả thi THPT QG,18,8/13/2017,8/22/2017,Long An,6,20,41
171,DLA,Đại học kinh tế công nghiệp Long An,Đại học,Tài chính ngân hàng,52340201,B00,50,Kết quả thi THPT QG,19,8/13/2017,8/22/2017,Long An,4,19,68
172,DLA,Đại học kinh tế công nghiệp Long An,Đại học,Tài chính ngân hàng,52340101,D07,50,Kết quả thi THPT QG,19,8/13/2017,8/22/2017,Long An,5,21,58
173,DLA,Đại học kinh tế công nghiệp Long An,Đại học,Tài chính ngân hàng,52340101,A08,50,Kết quả thi THPT QG,19,8/13/2017,8/22/2017,Long An,4,21,63
174,DLA,Đại học kinh tế công nghiệp Long An,Đại học,Tài chính ngân hàng,52340101,C08,50,Kết quả thi THPT QG,15.5,8/13/2017,8/22/2017,Long An,4,16,62
175,DLA,Đại học kinh tế công nghiệp Long An,Đại học,Kế toán,52340301,A00,47,Kết quả thi THPT QG,15.5,8/13/2017,8/22/2017,Long An,6,15,66
176,DLA,Đại học kinh tế công nghiệp Long An,Đại học,Kế toán,52340101,A09,47,Kết quả thi THPT QG,15.5,8/13/2017,8/22/2017,Long An,5,17,54
177,DLA,Đại học kinh tế công nghiệp Long An,Đại học,Luật kinh tế,52340101,C02,47,Kết quả thi THPT QG,15.5,8/13/2017,8/22/2017,Long An,6,15,68
178,DLA,Đại học kinh tế công nghiệp Long An,Đại học,Luật kinh tế,52340101,C00,88,Kết quả thi THPT QG,17,8/13/2017,8/22/2017,Long An,5,19,81
179,DLA,Đại học kinh tế công nghiệp Long An,Đại học,Luật kinh tế,52340101,A00,88,Kết quả thi THPT QG,17,8/13/2017,8/22/2017,Long An,4,18,130
180,DLA,Đại học kinh tế công nghiệp Long An,Đại học,Luật kinh tế,52340101,C04,88,Kết quả thi THPT QG,17,8/13/2017,8/22/2017,Long An,5,18,90
181,DLA,Đại học kinh tế công nghiệp Long An,Đại học,Khoa học máy tính,52340101,C14,39,Kết quả thi THPT QG,18,8/13/2017,8/22/2017,Long An,5,19,40
182,DLA,Đại học kinh tế công nghiệp Long An,Đại học,Khoa học máy tính,52340101,A00,39,Kết quả thi THPT QG,18,8/13/2017,8/22/2017,Long An,5,18,53
183,DLA,Đại học kinh tế công nghiệp Long An,Đại học,Khoa học máy tính,52340101,D08,39,Kết quả thi THPT QG,18,8/13/2017,8/22/2017,Long An,5,18,42
184,DHT,Đại học Hồng Đức,Đại học,Sư phạm toán học,52140209,A00,41,Kết quả thi THPT QG,17.5,8/8/2017,9/4/2017,Thanh Hóa,5,19,47
185,DHT,Đại học Hồng Đức,Đại học,Sư phạm toán học,52140209,A01,41,Kết quả thi THPT QG,17.5,8/8/2017,9/4/2017,Thanh Hóa,4,18,39
186,DHT,Đại học Hồng Đức,Đại học,Sư phạm toán học,52140209,A02,41,Kết quả thi THPT QG,17.5,8/8/2017,9/4/2017,Thanh Hóa,4,17,57
187,DHT,Đại học Hồng Đức,Đại học,Sư phạm vật lí,52140211,A00,40,Kết quả thi THPT QG,19.5,8/8/2017,9/4/2017,Thanh Hóa,4,21,44
188,DHT,Đại học Hồng Đức,Đại học,Sư phạm vật lí,52140211,A01,40,Kết quả thi THPT QG,19.5,8/8/2017,9/4/2017,Thanh Hóa,4,20,54
189,DHT,Đại học Hồng Đức,Đại học,Sư phạm hóa học,52140212,A00,38,Kết quả thi THPT QG,17.5,8/8/2017,9/4/2017,Thanh Hóa,5,19,40
190,DHT,Đại học Hồng Đức,Đại học,Sư phạm hóa học,52140212,B00,38,Kết quả thi THPT QG,17.5,8/8/2017,9/4/2017,Thanh Hóa,6,19,47
191,DHT,Đại học Hồng Đức,Đại học,Sư phạm hóa học,52140212,D07,38,Kết quả thi THPT QG,17.5,8/8/2017,9/4/2017,Thanh Hóa,4,18,39
192,DHT,Đại học Hồng Đức,Đại học,Sư phạm sinh học,52140213,B00,40,Kết quả thi THPT QG,17.5,8/8/2017,9/4/2017,Thanh Hóa,5,19,39
193,DHT,Đại học Hồng Đức,Đại học,Sư phạm sinh học,52140213,B02,40,Kết quả thi THPT QG,17.5,8/8/2017,9/4/2017,Thanh Hóa,6,19,41
194,DHT,Đại học Hồng Đức,Đại học,Sư phạm sinh học,52140213,D08,40,Kết quả thi THPT QG,17.5,8/8/2017,9/4/2017,Thanh Hóa,6,19,50
195,VUI,Đại học công nghiệp Việt Trì,Đại học,Ngành hóa học,52440112,A00,55,Kết quả thi THPT QG,15.5,8/1/2017,8/20/2017,Phú Thọ,6,17,67
196,VUI,Đại học công nghiệp Việt Trì,Đại học,Ngành hóa học,52440112,A01,55,Kết quả thi THPT QG,15.5,8/1/2017,8/20/2017,Phú Thọ,5,15,46
197,VUI,Đại học công nghiệp Việt Trì,Đại học,Ngành hóa học,52440112,B00,55,Kết quả thi THPT QG,15.5,8/1/2017,8/20/2017,Phú Thọ,6,16,52
198,VUI,Đại học công nghiệp Việt Trì,Đại học,Ngành hóa học,52440112,D01,55,Kết quả thi THPT QG,15.5,8/1/2017,8/20/2017,Phú Thọ,5,17,58
199,VUI,Đại học công nghiệp Việt Trì,Đại học,Ngành Công nghệ kỹ thuật Hóa học,52510401,A00,70,Kết quả thi THPT QG,15.5,8/1/2017,8/20/2017,Phú Thọ,5,16,89
200,VUI,Đại học công nghiệp Việt Trì,Đại học,Ngành Công nghệ kỹ thuật Hóa học,52510401,A01,70,Kết quả thi THPT QG,15.5,8/1/2017,8/20/2017,Phú Thọ,6,16,61
201,VUI,Đại học công nghiệp Việt Trì,Đại học,Ngành Công nghệ kỹ thuật Hóa học,52510401,B00,70,Kết quả thi THPT QG,15.5,8/1/2017,8/20/2017,Phú Thọ,4,16,67
202,VUI,Đại học công nghiệp Việt Trì,Đại học,Ngành Công nghệ kỹ thuật Hóa học,52510401,D01,70,Kết quả thi THPT QG,15.5,8/1/2017,8/20/2017,Phú Thọ,5,16,51
203,VUI,Đại học công nghiệp Việt Trì,Đại học,Ngành công nghệ kỹ thuật Môi trường,52510406,A00,35,Kết quả thi THPT QG,17.5,8/1/2017,8/20/2017,Phú Thọ,6,20,29
204,VUI,Đại học công nghiệp Việt Trì,Đại học,Ngành công nghệ kỹ thuật Môi trường,52510406,A01,35,Kết quả thi THPT QG,17.5,8/1/2017,8/20/2017,Phú Thọ,5,19,47
205,VUI,Đại học công nghiệp Việt Trì,Đại học,Ngành công nghệ kỹ thuật Môi trường,52510406,B00,35,Kết quả thi THPT QG,17.5,8/1/2017,8/20/2017,Phú Thọ,4,18,44
206,VUI,Đại học công nghiệp Việt Trì,Đại học,Ngành công nghệ Sinh học,52420201,A00,25,Kết quả thi THPT QG,18.5,8/1/2017,8/20/2017,Phú Thọ,4,20,36
207,VUI,Đại học công nghiệp Việt Trì,Đại học,Ngành công nghệ Sinh học,52420201,B00,25,Kết quả thi THPT QG,18.5,8/1/2017,8/20/2017,Phú Thọ,5,21,36
208,VUI,Đại học công nghiệp Việt Trì,Đại học,Ngành công nghệ kỹ thuật Cơ khí,52510201,A00,50,Kết quả thi THPT QG,18.5,8/1/2017,8/20/2017,Phú Thọ,4,21,51
209,VUI,Đại học công nghiệp Việt Trì,Đại học,Ngành công nghệ kỹ thuật Cơ khí,52510201,A01,50,Kết quả thi THPT QG,18.5,8/1/2017,8/20/2017,Phú Thọ,4,20,70
210,VUI,Đại học công nghiệp Việt Trì,Đại học,Ngành công nghệ kỹ thuật Cơ khí,52510201,B00,50,Kết quả thi THPT QG,18.5,8/1/2017,8/20/2017,Phú Thọ,3,19,65
211,VUI,Đại học công nghiệp Việt Trì,Đại học,Ngành công nghệ kỹ thuật Điện- Điện tử,52510301,A00,75,Kết quả thi THPT QG,18.5,8/1/2017,8/20/2017,Phú Thọ,5,19,58
212,VUI,Đại học công nghiệp Việt Trì,Đại học,Ngành công nghệ kỹ thuật Điều khiển- Tự động hóa,52510303,B00,20,Kết quả thi THPT QG,20,8/1/2017,8/20/2017,Phú Thọ,3,20,25
213,VUI,Đại học công nghiệp Việt Trì,Đại học,Ngành Công nghệ thông tin,52480201,A00,60,Kết quả thi THPT QG,21.5,8/1/2017,8/20/2017,Phú Thọ,3,22,67
214,VUI,Đại học công nghiệp Việt Trì,Đại học,Kế toán,52340301,A00,55,Kết quả thi THPT QG,22.5,8/1/2017,8/20/2017,Phú Thọ,3,25,74
215,VUI,Đại học công nghiệp Việt Trì,Đại học,Ngành Quản trị kinh doanh,52340101,A01,20,Kết quả thi THPT QG,15.5,8/1/2017,8/20/2017,Phú Thọ,4,17,28
216,VUI,Đại học công nghiệp Việt Trì,Đại học,Ngành ngôn ngữ Anh,52220201,D01,35,Kết quả thi THPT QG,18.5,8/1/2017,8/20/2017,Phú Thọ,5,18,51
217,C18,Cao đẳng Ngô Gia Tự,Cao đẳng,Sư phạm Toán học,51140209,A00,8,Kết quả thi THPT QG,15.5,8/13/2017,8/21/2017,Bắc Giang,5,17,8
218,C18,Cao đẳng Ngô Gia Tự,Cao đẳng,Sư phạm Tin học,51140201,A00,5,Kết quả thi THPT QG,15.5,8/13/2017,8/21/2017,Bắc Giang,6,17,4
219,C18,Cao đẳng Ngô Gia Tự,Cao đẳng,Sư phạm Tin học,51140201,A01,5,Kết quả thi THPT QG,15.5,8/13/2017,8/21/2017,Bắc Giang,5,16,6
220,C18,Cao đẳng Ngô Gia Tự,Cao đẳng,Sư phạm Tin học,51140201,D01,5,Kết quả thi THPT QG,15.5,8/13/2017,8/21/2017,Bắc Giang,4,15,4
221,C18,Cao đẳng Ngô Gia Tự,Cao đẳng,Sư phạm Ngữ Văn,51140217,C00,8,Kết quả thi THPT QG,16.5,8/13/2017,8/21/2017,Bắc Giang,6,18,6
222,C18,Cao đẳng Ngô Gia Tự,Cao đẳng,Sư phạm Ngữ Văn,51140217,C03,8,Kết quả thi THPT QG,16.5,8/13/2017,8/21/2017,Bắc Giang,6,18,10
223,C18,Cao đẳng Ngô Gia Tự,Cao đẳng,Sư phạm Ngữ Văn,51140217,C07,8,Kết quả thi THPT QG,16.5,8/13/2017,8/21/2017,Bắc Giang,5,19,10
224,C18,Cao đẳng Ngô Gia Tự,Cao đẳng,Sư phạm Lịch Sử,51140218,C00,5,Kết quả thi THPT QG,16.5,8/13/2017,8/21/2017,Bắc Giang,6,18,6
225,C18,Cao đẳng Ngô Gia Tự,Cao đẳng,Sư phạm Lịch Sử,51140218,C03,5,Kết quả thi THPT QG,16.5,8/13/2017,8/21/2017,Bắc Giang,6,16,4
226,C18,Cao đẳng Ngô Gia Tự,Cao đẳng,Sư phạm Lịch Sử,51140218,C12,5,Kết quả thi THPT QG,16.5,8/13/2017,8/21/2017,Bắc Giang,5,17,3
227,C18,Cao đẳng Ngô Gia Tự,Cao đẳng,Sư phạm Lịch Sử,51140218,D14,5,Kết quả thi THPT QG,16.5,8/13/2017,8/21/2017,Bắc Giang,5,16,4
228,C18,Cao đẳng Ngô Gia Tự,Cao đẳng,Sư phạm Tiếng Anh,51140231,A01,10,Kết quả thi THPT QG,16.5,8/13/2017,8/21/2017,Bắc Giang,6,17,10
229,C18,Cao đẳng Ngô Gia Tự,Cao đẳng,Sư phạm Tiếng Anh,51140231,D01,10,Kết quả thi THPT QG,16.5,8/13/2017,8/21/2017,Bắc Giang,5,17,12
230,C18,Cao đẳng Ngô Gia Tự,Cao đẳng,Giáo dục Tiểu học,51140202,A00,55,Kết quả thi THPT QG,17.5,8/13/2017,8/21/2017,Bắc Giang,5,19,68
231,C18,Cao đẳng Ngô Gia Tự,Cao đẳng,Giáo dục Tiểu học,51140202,A01,55,Kết quả thi THPT QG,17.5,8/13/2017,8/21/2017,Bắc Giang,4,18,51
232,C18,Cao đẳng Ngô Gia Tự,Cao đẳng,Giáo dục Tiểu học,51140202,C00,55,Kết quả thi THPT QG,17.5,8/13/2017,8/21/2017,Bắc Giang,5,19,44
233,C18,Cao đẳng Ngô Gia Tự,Cao đẳng,Giáo dục Tiểu học,51140202,D01,55,Kết quả thi THPT QG,17.5,8/13/2017,8/21/2017,Bắc Giang,5,18,42
234,LAH,Đại học Trần Quốc Tuấn,Đại học,Giáo viên giáo dục QP-AN,52140208,C00,69,Kết quả thi THPT QG,15.5,8/13/2017,8/26/2017,Hải Dương,5,16,94
235,DCG,Đại học công nghệ thông tin Gia Định,Đại học,Ngôn ngữ Anh,52220201,D01,19,Kết quả thi THPT QG,18,8/8/2017,8/20/2017,TP HCM,6,20,26
236,DCG,Đại học công nghệ thông tin Gia Định,Đại học,Ngôn ngữ Anh,52220201,D13,19,Kết quả thi THPT QG,18,8/8/2017,8/20/2017,TP HCM,4,18,28
237,DCG,Đại học công nghệ thông tin Gia Định,Đại học,Ngôn ngữ Anh,52220201,D14,19,Kết quả thi THPT QG,18,8/8/2017,8/20/2017,TP HCM,6,20,25
238,DCG,Đại học công nghệ thông tin Gia Định,Đại học,Ngôn ngữ Anh,52220201,D15,19,Kết quả thi THPT QG,18,8/8/2017,8/20/2017,TP HCM,5,20,21
239,DCG,Đại học công nghệ thông tin Gia Định,Đại học,Quản trị kinh doanh,52340101,A00,50,Kết quả thi THPT QG,18,8/8/2017,8/20/2017,TP HCM,4,19,64
240,DCG,Đại học công nghệ thông tin Gia Định,Đại học,Quản trị kinh doanh,52340101,A01,50,Kết quả thi THPT QG,18,8/8/2017,8/20/2017,TP HCM,6,20,46
241,DCG,Đại học công nghệ thông tin Gia Định,Đại học,Quản trị kinh doanh,52340101,A06,50,Kết quả thi THPT QG,18,8/8/2017,8/20/2017,TP HCM,4,18,64
242,DCG,Đại học công nghệ thông tin Gia Định,Đại học,Quản trị kinh doanh,52340101,C13,50,Kết quả thi THPT QG,18,8/8/2017,8/20/2017,TP HCM,5,18,71
243,DCG,Đại học công nghệ thông tin Gia Định,Đại học,Tài chính - ngân hàng,52340201,A00,20,Kết quả thi THPT QG,18.5,8/8/2017,8/20/2017,TP HCM,3,19,25
244,DCG,Đại học công nghệ thông tin Gia Định,Đại học,Tài chính - ngân hàng,52340201,A01,20,Kết quả thi THPT QG,18.5,8/8/2017,8/20/2017,TP HCM,3,20,15
245,DCG,Đại học công nghệ thông tin Gia Định,Đại học,Tài chính - ngân hàng,52340201,A03,20,Kết quả thi THPT QG,18.5,8/8/2017,8/20/2017,TP HCM,4,20,14
246,DCG,Đại học công nghệ thông tin Gia Định,Đại học,Tài chính - ngân hàng,52340201,A07,20,Kết quả thi THPT QG,18.5,8/8/2017,8/20/2017,TP HCM,5,19,16
247,DCG,Đại học công nghệ thông tin Gia Định,Đại học,Kế toán,52340301,A01,30,Kết quả thi THPT QG,18,8/8/2017,8/20/2017,TP HCM,5,18,35
248,DCG,Đại học công nghệ thông tin Gia Định,Đại học,Kế toán,52340301,B01,30,Kết quả thi THPT QG,18,8/8/2017,8/20/2017,TP HCM,6,19,26
249,DCG,Đại học công nghệ thông tin Gia Định,Đại học,Kế toán,52340301,B02,30,Kết quả thi THPT QG,18,8/8/2017,8/20/2017,TP HCM,5,18,35
250,DCG,Đại học công nghệ thông tin Gia Định,Đại học,Kế toán,52340301,C12,30,Kết quả thi THPT QG,18,8/8/2017,8/20/2017,TP HCM,5,19,44
251,DCG,Đại học công nghệ thông tin Gia Định,Đại học,Truyền thông và mạng máy tính,52480102,A00,20,Kết quả thi THPT QG,18,8/8/2017,8/20/2017,TP HCM,5,19,21
252,DCG,Đại học công nghệ thông tin Gia Định,Đại học,Truyền thông và mạng máy tính,52480102,A01,20,Kết quả thi THPT QG,18,8/8/2017,8/20/2017,TP HCM,4,18,22
253,DCG,Đại học công nghệ thông tin Gia Định,Đại học,Truyền thông và mạng máy tính,52480102,A02,20,Kết quả thi THPT QG,18,8/8/2017,8/20/2017,TP HCM,5,19,15
254,DCG,Đại học công nghệ thông tin Gia Định,Đại học,Kỹ thuật phần mềm,52480103,A00,20,Kết quả thi THPT QG,18,8/8/2017,8/20/2017,TP HCM,5,19,22
255,DCG,Đại học công nghệ thông tin Gia Định,Đại học,Kỹ thuật phần mềm,52480103,A01,20,Kết quả thi THPT QG,18,8/8/2017,8/20/2017,TP HCM,5,19,16
256,DCG,Đại học công nghệ thông tin Gia Định,Đại học,Kỹ thuật phần mềm,52480103,A04,20,Kết quả thi THPT QG,18,8/8/2017,8/20/2017,TP HCM,4,19,14
257,DCG,Đại học công nghệ thông tin Gia Định,Đại học,Kỹ thuật phần mềm,52480103,B00,20,Kết quả thi THPT QG,18,8/8/2017,8/20/2017,TP HCM,4,19,24
258,DPX,Đại học dân lập Phú Xuân,Đại học,Công nghệ thông tin,52480201,A00,30,Kết quả thi THPT QG,15.5,8/13/2017,9/5/2017,Hà Nội,6,17,39
259,DPX,Đại học dân lập Phú Xuân,Đại học,Công nghệ thông tin,52480201,B00,30,Kết quả thi THPT QG,15.5,8/13/2017,9/5/2017,Hà Nội,5,15,41
260,DPX,Đại học dân lập Phú Xuân,Đại học,Công nghệ thông tin,52480201,D01,30,Kết quả thi THPT QG,15.5,8/13/2017,9/5/2017,Hà Nội,6,16,21
261,DPX,Đại học dân lập Phú Xuân,Đại học,Công nghệ thông tin,52480201,A01,30,Kết quả thi THPT QG,15.5,8/13/2017,9/5/2017,Hà Nội,5,15,28
262,DPX,Đại học dân lập Phú Xuân,Đại học,Công nghệ kỹ thuật điện - điện tử,52510301,A00,15,Kết quả thi THPT QG,16.5,8/13/2017,9/5/2017,Hà Nội,5,17,18
263,DPX,Đại học dân lập Phú Xuân,Đại học,Công nghệ kỹ thuật điện - điện tử,52510301,D01,15,Kết quả thi THPT QG,16.5,8/13/2017,9/5/2017,Hà Nội,5,17,20
264,DPX,Đại học dân lập Phú Xuân,Đại học,Công nghệ kỹ thuật điện - điện tử,52510301,A01,15,Kết quả thi THPT QG,16.5,8/13/2017,9/5/2017,Hà Nội,6,18,11
265,DPX,Đại học dân lập Phú Xuân,Đại học,Kế toán,52340301,A00,50,Kết quả thi THPT QG,15.5,8/13/2017,9/5/2017,Hà Nội,5,17,74
266,DPX,Đại học dân lập Phú Xuân,Đại học,Kế toán,52340301,B00,50,Kết quả thi THPT QG,15.5,8/13/2017,9/5/2017,Hà Nội,4,18,44
267,DPX,Đại học dân lập Phú Xuân,Đại học,Kế toán,52340301,D01,50,Kết quả thi THPT QG,15.5,8/13/2017,9/5/2017,Hà Nội,6,17,41
268,DPX,Đại học dân lập Phú Xuân,Đại học,Tài chính - ngân hàng,52340201,A00,25,Kết quả thi THPT QG,15.5,8/13/2017,9/5/2017,Hà Nội,5,17,21
269,DPX,Đại học dân lập Phú Xuân,Đại học,Tài chính - ngân hàng,52340201,B00,25,Kết quả thi THPT QG,15.5,8/13/2017,9/5/2017,Hà Nội,6,17,29
270,DPX,Đại học dân lập Phú Xuân,Đại học,Tài chính - ngân hàng,52340201,D01,25,Kết quả thi THPT QG,15.5,8/13/2017,9/5/2017,Hà Nội,5,15,31
271,DPX,Đại học dân lập Phú Xuân,Đại học,Tài chính - ngân hàng,52340201,A01,25,Kết quả thi THPT QG,15.5,8/13/2017,9/5/2017,Hà Nội,6,16,22
272,DPX,Đại học dân lập Phú Xuân,Đại học,Quản trị kinh doanh,52340101,A00,35,Kết quả thi THPT QG,15.5,8/13/2017,9/5/2017,Hà Nội,5,16,29
273,DPX,Đại học dân lập Phú Xuân,Đại học,Quản trị kinh doanh,52340101,B00,35,Kết quả thi THPT QG,15.5,8/13/2017,9/5/2017,Hà Nội,5,15,45
274,DPX,Đại học dân lập Phú Xuân,Đại học,Quản trị kinh doanh,52340101,D01,35,Kết quả thi THPT QG,15.5,8/13/2017,9/5/2017,Hà Nội,4,17,49
275,DPX,Đại học dân lập Phú Xuân,Đại học,Quản trị kinh doanh,52340101,A01,35,Kết quả thi THPT QG,15.5,8/13/2017,9/5/2017,Hà Nội,4,18,37
276,DPX,Đại học dân lập Phú Xuân,Đại học,Văn học,52220330,C00,20,Kết quả thi THPT QG,20,8/13/2017,9/5/2017,Hà Nội,4,20,28
277,DPX,Đại học dân lập Phú Xuân,Đại học,Văn học,52220330,D01,20,Kết quả thi THPT QG,20,8/13/2017,9/5/2017,Hà Nội,5,21,24
278,DPX,Đại học dân lập Phú Xuân,Đại học,Văn học,52220330,D15,20,Kết quả thi THPT QG,20,8/13/2017,9/5/2017,Hà Nội,5,21,27
279,DPX,Đại học dân lập Phú Xuân,Đại học,Văn học,52220330,D11,20,Kết quả thi THPT QG,20,8/13/2017,9/5/2017,Hà Nội,4,21,22
280,C38,Cao đẳng sư phạm Gia Lai,Cao đẳng,Sư phạm Toán học,51140209,A00,10,Kết quả thi THPT QG,15.5,8/13/2017,8/18/2017,Gia Lai,6,16,9
281,C38,Cao đẳng sư phạm Gia Lai,Cao đẳng,Sư phạm Toán học,51140209,A01,10,Kết quả thi THPT QG,15.5,8/13/2017,8/18/2017,Gia Lai,6,17,13
282,C38,Cao đẳng sư phạm Gia Lai,Cao đẳng,Sư phạm Toán học,51140209,D07,10,Kết quả thi THPT QG,15.5,8/13/2017,8/18/2017,Gia Lai,6,15,13
283,C38,Cao đẳng sư phạm Gia Lai,Cao đẳng,Sư phạm Toán học,51140209,D08,10,Kết quả thi THPT QG,15.5,8/13/2017,8/18/2017,Gia Lai,5,18,7
284,C38,Cao đẳng sư phạm Gia Lai,Cao đẳng,Sư phạm Vật lí,51140211,A00,5,Kết quả thi THPT QG,16.5,8/13/2017,8/18/2017,Gia Lai,5,18,4
285,C38,Cao đẳng sư phạm Gia Lai,Cao đẳng,Sư phạm Vật lí,51140211,A01,5,Kết quả thi THPT QG,16.5,8/13/2017,8/18/2017,Gia Lai,6,19,7
286,C38,Cao đẳng sư phạm Gia Lai,Cao đẳng,Sư phạm Vật lí,51140211,A02,5,Kết quả thi THPT QG,16.5,8/13/2017,8/18/2017,Gia Lai,6,16,5
287,C38,Cao đẳng sư phạm Gia Lai,Cao đẳng,Sư phạm Hóa học,51140212,A00,4,Kết quả thi THPT QG,15.5,8/13/2017,8/18/2017,Gia Lai,6,17,5
288,C38,Cao đẳng sư phạm Gia Lai,Cao đẳng,Sư phạm Hóa học,51140212,B00,4,Kết quả thi THPT QG,15.5,8/13/2017,8/18/2017,Gia Lai,6,16,4
289,C38,Cao đẳng sư phạm Gia Lai,Cao đẳng,Sư phạm Hóa học,51140212,D07,4,Kết quả thi THPT QG,15.5,8/13/2017,8/18/2017,Gia Lai,6,18,4
290,C38,Cao đẳng sư phạm Gia Lai,Cao đẳng,Sư phạm Hóa học,51140212,D08,4,Kết quả thi THPT QG,15.5,8/13/2017,8/18/2017,Gia Lai,6,18,3
291,C38,Cao đẳng sư phạm Gia Lai,Cao đẳng,Sư phạm Ngữ Văn,51140217,C00,9,Kết quả thi THPT QG,15.5,8/13/2017,8/18/2017,Gia Lai,4,16,12
292,C38,Cao đẳng sư phạm Gia Lai,Cao đẳng,Sư phạm Ngữ Văn,51140217,C14,9,Kết quả thi THPT QG,15.5,8/13/2017,8/18/2017,Gia Lai,4,17,9
293,C38,Cao đẳng sư phạm Gia Lai,Cao đẳng,Sư phạm Tiếng Anh,51140231,D01,6,Kết quả thi THPT QG,15.5,8/13/2017,8/18/2017,Gia Lai,5,17,6
294,C38,Cao đẳng sư phạm Gia Lai,Cao đẳng,Sư phạm Tiếng Anh,51140231,A01,6,Kết quả thi THPT QG,15.5,8/13/2017,8/18/2017,Gia Lai,5,17,8
295,TCU,Đại học thông tin liên lạc,Đại học,Công nghệ thông tin,52480201,A00,44,Kết quả thi THPT QG,16.5,8/13/2017,8/23/2017,Hà Nội,4,18,31
296,TCU,Đại học thông tin liên lạc,Đại học,Công nghệ thông tin,52480201,A01,44,Kết quả thi THPT QG,16.5,8/13/2017,8/23/2017,Hà Nội,6,18,62
297,TCU,Đại học thông tin liên lạc,Đại học,Công nghệ thông tin,52480201,C01,44,Kết quả thi THPT QG,16.5,8/13/2017,8/23/2017,Hà Nội,4,19,64
298,TCU,Đại học thông tin liên lạc,Đại học,Công nghệ thông tin,52480201,D01,44,Kết quả thi THPT QG,16.5,8/13/2017,8/23/2017,Hà Nội,5,17,37
299,TCU,Đại học thông tin liên lạc,Đại học,Kỹ thuật điện tử truyền thông,52520207,A00,72,Kết quả thi THPT QG,16.5,8/13/2017,8/23/2017,Hà Nội,5,17,54
300,TCU,Đại học thông tin liên lạc,Đại học,Kỹ thuật điện tử truyền thông,52520207,A01,72,Kết quả thi THPT QG,16.5,8/13/2017,8/23/2017,Hà Nội,5,17,100
301,TCU,Đại học thông tin liên lạc,Đại học,Kỹ thuật điện tử truyền thông,52520207,C01,72,Kết quả thi THPT QG,16.5,8/13/2017,8/23/2017,Hà Nội,4,18,75
302,TCU,Đại học thông tin liên lạc,Đại học,Kỹ thuật điện tử truyền thông,52520207,D01,72,Kết quả thi THPT QG,16.5,8/13/2017,8/23/2017,Hà Nội,4,18,104
303,DHP,Đại học dân lập Hải Phòng ,Đại học,Việt Nam học,52220113,A00,62,Kết quả thi THPT QG,17.5,8/13/2017,9/10/2017,Hải Phòng,4,18,73
304,DHP,Đại học dân lập Hải Phòng ,Đại học,Việt Nam học,52220113,C00,62,Kết quả thi THPT QG,17.5,8/13/2017,9/10/2017,Hải Phòng,5,18,77
305,DHP,Đại học dân lập Hải Phòng ,Đại học,Việt Nam học,52220113,D01,62,Kết quả thi THPT QG,17.5,8/13/2017,9/10/2017,Hải Phòng,5,18,55
306,DHP,Đại học dân lập Hải Phòng ,Đại học,Ngôn ngữ Anh,52220201,A01,42,Kết quả thi THPT QG,18.5,8/13/2017,9/10/2017,Hải Phòng,4,18,59
307,DHP,Đại học dân lập Hải Phòng ,Đại học,Ngôn ngữ Anh,52220201,D01,42,Kết quả thi THPT QG,18.5,8/13/2017,9/10/2017,Hải Phòng,4,20,49
308,DHP,Đại học dân lập Hải Phòng ,Đại học,Ngôn ngữ Anh,52220201,D14,42,Kết quả thi THPT QG,18.5,8/13/2017,9/10/2017,Hải Phòng,5,20,37
309,DHP,Đại học dân lập Hải Phòng ,Đại học,Ngôn ngữ Anh,52220201,D15,42,Kết quả thi THPT QG,18.5,8/13/2017,9/10/2017,Hải Phòng,5,20,52
310,DHP,Đại học dân lập Hải Phòng ,Đại học,Quản trị kinh doanh,52340101,A00,186,Kết quả thi THPT QG,15.5,8/13/2017,9/10/2017,Hải Phòng,5,16,173
311,DHP,Đại học dân lập Hải Phòng ,Đại học,Quản trị kinh doanh,52340101,A01,186,Kết quả thi THPT QG,15.5,8/13/2017,9/10/2017,Hải Phòng,5,16,178
312,DHP,Đại học dân lập Hải Phòng ,Đại học,Quản trị kinh doanh,52340101,D01,186,Kết quả thi THPT QG,15.5,8/13/2017,9/10/2017,Hải Phòng,5,16,236
313,DHP,Đại học dân lập Hải Phòng ,Đại học,Quản trị kinh doanh,52340101,D02,186,Kết quả thi THPT QG,15.5,8/13/2017,9/10/2017,Hải Phòng,4,15,178
314,DHP,Đại học dân lập Hải Phòng ,Đại học,Quản trị kinh doanh,52340101,D03,186,Kết quả thi THPT QG,15.5,8/13/2017,9/10/2017,Hải Phòng,4,17,190
315,DHP,Đại học dân lập Hải Phòng ,Đại học,Quản trị kinh doanh,52340101,D04,186,Kết quả thi THPT QG,15.5,8/13/2017,9/10/2017,Hải Phòng,5,16,264
316,DHP,Đại học dân lập Hải Phòng ,Đại học,Công nghệ thông tin,52480201,A00,59,Kết quả thi THPT QG,16.5,8/13/2017,9/10/2017,Hải Phòng,6,17,67
317,DHP,Đại học dân lập Hải Phòng ,Đại học,Công nghệ thông tin,52480201,A01,59,Kết quả thi THPT QG,16.5,8/13/2017,9/10/2017,Hải Phòng,5,17,73
318,DHP,Đại học dân lập Hải Phòng ,Đại học,Công nghệ thông tin,52480201,D07,59,Kết quả thi THPT QG,16.5,8/13/2017,9/10/2017,Hải Phòng,5,18,49
319,DHP,Đại học dân lập Hải Phòng ,Đại học,Công nghệ thông tin,52480201,D08,59,Kết quả thi THPT QG,16.5,8/13/2017,9/10/2017,Hải Phòng,5,17,64
320,DHP,Đại học dân lập Hải Phòng ,Đại học,Kĩ thuật điện - điện tử,52510301,A00,73,Kết quả thi THPT QG,16.5,8/13/2017,9/10/2017,Hải Phòng,5,18,55
321,DHP,Đại học dân lập Hải Phòng ,Đại học,Kĩ thuật điện - điện tử,52510301,A01,73,Kết quả thi THPT QG,16.5,8/13/2017,9/10/2017,Hải Phòng,6,16,105
322,DHP,Đại học dân lập Hải Phòng ,Đại học,Kĩ thuật điện - điện tử,52510301,B00,73,Kết quả thi THPT QG,16.5,8/13/2017,9/10/2017,Hải Phòng,5,16,93
323,DHP,Đại học dân lập Hải Phòng ,Đại học,Kĩ thuật điện - điện tử,52510301,D01,73,Kết quả thi THPT QG,16.5,8/13/2017,9/10/2017,Hải Phòng,5,18,73
324,DHP,Đại học dân lập Hải Phòng ,Đại học,Kĩ thuật môi trường,52510406,A00,82,Kết quả thi THPT QG,16.5,8/13/2017,9/10/2017,Hải Phòng,5,18,115
325,DHP,Đại học dân lập Hải Phòng ,Đại học,Kĩ thuật môi trường,52510406,A01,82,Kết quả thi THPT QG,16.5,8/13/2017,9/10/2017,Hải Phòng,4,17,93
326,DHP,Đại học dân lập Hải Phòng ,Đại học,Kĩ thuật môi trường,52510406,A02,82,Kết quả thi THPT QG,16.5,8/13/2017,9/10/2017,Hải Phòng,4,17,118
327,DHP,Đại học dân lập Hải Phòng ,Đại học,Kĩ thuật môi trường,52510406,B00,82,Kết quả thi THPT QG,16.5,8/13/2017,9/10/2017,Hải Phòng,6,17,84
328,DHP,Đại học dân lập Hải Phòng ,Đại học,Kĩ thuật công trình XD,52580201,A00,84,Kết quả thi THPT QG,15.5,8/13/2017,9/10/2017,Hải Phòng,4,15,82
329,DHP,Đại học dân lập Hải Phòng ,Đại học,Kĩ thuật công trình XD,52580201,A01,84,Kết quả thi THPT QG,15.5,8/13/2017,9/10/2017,Hải Phòng,5,16,63
330,DHP,Đại học dân lập Hải Phòng ,Đại học,Kĩ thuật công trình XD,52580201,A04,84,Kết quả thi THPT QG,15.5,8/13/2017,9/10/2017,Hải Phòng,6,16,98
331,DHP,Đại học dân lập Hải Phòng ,Đại học,Nông nghiệp,52620101,A00,58,Kết quả thi THPT QG,15.5,8/13/2017,9/10/2017,Hải Phòng,6,18,64
332,DHP,Đại học dân lập Hải Phòng ,Đại học,Nông nghiệp,52620101,A01,58,Kết quả thi THPT QG,15.5,8/13/2017,9/10/2017,Hải Phòng,5,16,65
333,DHP,Đại học dân lập Hải Phòng ,Đại học,Nông nghiệp,52620101,A02,58,Kết quả thi THPT QG,15.5,8/13/2017,9/10/2017,Hải Phòng,5,15,82
334,DHP,Đại học dân lập Hải Phòng ,Đại học,Nông nghiệp,52620101,B00,58,Kết quả thi THPT QG,15.5,8/13/2017,9/10/2017,Hải Phòng,5,17,57
335,LCS,Sĩ quan chính trị,Đại học,Giáo dục quốc phòng và an ninh,52140208,A00,19,Kết quả thi THPT QG,16.75,8/13/2017,8/17/2017,Bắc Ninh,5,17,16
336,LCS,Sĩ quan chính trị,Đại học,Giáo dục quốc phòng và an ninh,52140208,C00,26,Kết quả thi THPT QG,23.25,8/13/2017,8/17/2017,Bắc Ninh,3,23,28
337,LCS,Sĩ quan chính trị,Đại học,Giáo dục quốc phòng và an ninh,52140208,D01,15,Kết quả thi THPT QG,19.75,8/13/2017,8/17/2017,Bắc Ninh,5,21,16
